{
    "name":"testscene",
    "camera1":{
            "pos": [1.39, 3.41, 3.61],
            "rot": [0.22, -0.18, -0.04, 0.96],
            "fovy": 1.00
            },
    "camera2":{
            "pos": [0.00, 1.50, -5.00],
            "rot": [0.00, 1.00, 0.00, 0.00],
            "fovy": 1.0
            }, 
    "materials":{
        "green":{
            "color":[0.0, 1.0, 0.0]
        },
        "red":{
            "color":[1.0, 0.0, 0.0]
        }
    },
 "children":[
                { 
                "transform":[1, 0, 0, 0,
                            0, 1, 0, 0,
                            0, 0, 1, 0,
                            0, 0, 0, 1],
                        "shapes":[
                            {
                            "type":"box",
                            "length":2,
                            "width":2,
                            "height":2,
                            "center":[0, 0, 0]
                        }
                    ] 
                },
                {
                    "transform":[0.707, 0, 0.707, 0,
                                0, 1, 0, 1.5,
                                -0.707, 0, 0.707, 0,
                                0, 0, 0, 1],
                    "shapes":[
                        {
                            "type":"box",
                            "length":1,
                            "width":1,
                            "height":1,
                            "center":[0, 0, 0]
                            }
                    ]
                }
            ]
}
